{
  "width": 666,
  "height": 726,
  "cx": [
    [ "groupe", 602 ],
    [ "SE_SEPARE_EN", 602 ],
    [ "DISPOSE", 483 ],
    [ "classe", 602 ],
    [ "a", 340 ],
    [ "matiere", 483 ],
    [ "discipline", 340 ],
    [ "enseignant", 132 ],
    [ "enseigne", 340 ]
  ],
  "cy": [
    [ "groupe", 43 ],
    [ "SE_SEPARE_EN", 127 ],
    [ "DISPOSE", 228 ],
    [ "classe", 228 ],
    [ "a", 329 ],
    [ "matiere", 329 ],
    [ "discipline", 438 ],
    [ "enseignant", 590 ],
    [ "enseigne", 590 ]
  ],
  "shift": [
    [ "SE_SEPARE_EN,classe,0", 0 ],
    [ "SE_SEPARE_EN,groupe,0", 0 ],
    [ "DISPOSE,matiere,0", 0 ],
    [ "DISPOSE,classe,0", 0 ],
    [ "a,discipline,0", 0 ],
    [ "a,matiere,0", 0 ],
    [ "enseigne,enseignant,0", 0 ],
    [ "enseigne,discipline,0", 0 ]
  ],
  "ratio": []
}